DR,Ratio
AAOI03,3000
AAOI23,1500
AAPL01,340
AAPL03,3000
AAPL19,1500
AAPL80,1000
ABBV19,1000
ABBV80,1000
ABNB06,1000
ADBE03,4500
ADBE06,4000
ADVANT19,1000
ADVANT23,1477
ADVANT80,1000
AFRM03,800
AIA06,100
AIA19,100
AIA23,130
AIRBUS80,2400
AJINO23,500
AJINO80,300
ALAB01,2300
ALAB23,5000
AMAT01,3600
AMAT19,4000
AMAT23,2500
AMAT80,5500
AMD03,2000
AMD23,2400
AMD80,5000
AMEC80,500
AMGN06,4000
AMKR03,1000
AMKR23,1000
AMPX03,200
AMZN01,340
AMZN03,2000
AMZN06,4000
AMZN19,4000
AMZN23,3000
AMZN80,4000
ANET23,1800
ANET80,1000
ANTA13,170
ANTA23,160
APLD03,300
APPL03,6000
ASEMI23,100
ASEMI24,200
ASICS23,340
ASML01,1200
ASTS01,750
ASTS03,1000
ASTS23,1000
AVGO23,4400
AVGO80,5000
AXP06,4000
BABA01,44
BABA06,100
BABA11,100
BABA13,250
BABA19,250
BABA23,150
BABA80,100
BAC03,500
BDX06,3000
BE03,5000
BE80,2500
BIDU01,44
BIDU06,100
BIDU23,210
BIDU80,100
BILIBILI01,210
BIREN23,25
BKNG03,2400
BKNG80,2000
BKSY03,600
BLK06,10000
BOEING80,1000
BONDAS19,50
BONDUS01,2100
BRKB23,3000
BRKB80,10000
BYDCOM01,440
BYDCOM80,1000
CAMBRI80,1000
CAT19,5000
CAT80,9000
CATL01,440
CATL23,250
CATL80,100
CBRS03,4000
CBRS80,2300
CCJ23,1600
CDNS23,2000
CEG23,4000
CH30080,10
CHAI80,5
CHHONGQ19,10
CHMOBILE19,100
CHMOBILE23,130
CHNEXT80,10
CHNXT5023,1
CHSTAR5080,5
CIEN03,10000
CMBANK23,90
CME03,3000
CN01,10
CN23,4
CNBIO24,200
CNEV24,200
CNRE80,100
CNROBOAI23,100
CNSEMI23,100
CNSTAR5023,1
CNTECH01,1
COHR23,2000
COHR80,1000
COIN01,1600
COIN23,2000
COIN80,1000
COSTCO19,1000
COSTCO80,10000
CRDO23,1000
CRDO80,2500
CRM01,1800
CRM06,2500
CRM80,1000
CRSP03,500
CRWD06,1250
CRWD80,250
CRWV03,1000
CRWV23,1000
CSCO06,800
CYPC80,10
DASH03,2000
DBO80,100
DBS19,100
DDOG19,1000
DEAM19,500
DELL19,1000
DELL23,5000
DELL80,5000
DEYE80,120
DISCO24,14500
DISCO80,1000
DISNEY19,200
DOLLARG80,1000
DUOL06,1600
E1VFVN3001,1
EOSE03,200
EOSE23,50
ESTEE80,3000
ETN03,6000
ETN23,2000
EXPE06,2500
FABRINET03,10000
FABRINET23,4000
FABRINET80,6000
FANUC23,550
FCX23,800
FERRARI80,10000
FPTVN11,50
FPTVN19,10
FSLR03,4000
FTNT03,2000
FUEVFVND01,1
FWONK06,800
GAC03,5
GANFENG23,100
GANFENG80,100
GASVN11,25
GDS23,70
GEELY06,25
GEELY80,10
GEV23,11000
GEV80,1000
GFS03,1200
GIGA23,300
GIGA80,100
GLW80,1000
GOLD03,4000
GOLD19,1000
GOLDM01,700
GOLDM23,300
GOLDUS03,4000
GOLDUS19,300
GOLDUS80,1000
GOOG06,3000
GOOG23,4000
GOOG80,2000
GOOGL01,340
GOOGL03,2000
GOOGL19,2000
GRAB80,10
GSEMI24,400
GSUS06,7000
HAIERS19,10
HANSOH19,25
HERMES80,10000
HIMS03,200
HITACHI24,800
HK01,5
HK13,20
HKCE01,15
HKEX23,777
HKTECH13,5
HONDA19,100
HOOD03,1000
HOOD06,1000
HOOD80,1000
HORIZON23,16
HPE80,600
HPG19,10
HSHD23,20
HUAHONG23,70
HUAHONG80,150
HYGON80,100
IBIDEN23,1000
IBIDEN80,1300
IBM06,2500
IBM23,3000
ICBC06,10
ICBC19,10
IFLYTEK80,100
INDIA01,2
INDIAESG19,100
INFQ03,200
INTEL01,1000
INTEL03,500
INTEL19,1000
INTEL23,700
INTEL80,1000
IONQ03,500
IONQ23,500
IQQ23,70
ISRG01,4500
ISRG06,5000
ISRG19,4000
ISRG80,1000
ITOCHU19,60
IVV23,2500
JAP03,100
JAPAN10001,1
JAPAN13,25
JCI03,2000
JD80,100
JDHEAL19,50
JEPI19,300
JGRO19,300
JLMAG80,10
JNJ03,2000
JOBY03,100
JPANIME24,600
JPMUS06,3000
JPMUS19,500
JPROBOAI24,400
JPSEMI24,600
JTEK19,300
KEYENCE23,5650
KINGSOFT23,60
KIOXIA23,1600
KIOXIA80,3000
KLAC01,1500
KLAC19,2000
KLAC23,1000
KO80,1000
KONAMI24,3800
KOREA01,3
KUAISH01,80
KUAISH06,100
KUAISH11,50
KUAISH23,140
KUAISH80,100
LENOVO13,20
LITE01,7300
LITE23,5000
LITE80,10000
LLY23,10000
LLY80,20000
LOREAL80,10000
LPGOLD13,1000
LRCX01,2400
LRCX19,2600
LRCX23,2600
LRCX80,1000
LULU06,2000
LUXSHARE80,90
LVMH01,1600
MA80,10000
MAOGEP80,100
MEITUAN19,300
MEITUAN23,160
MEITUAN80,100
MELI06,25000
MELI23,10000
META01,3400
META06,8000
META23,8400
META80,8000
MICRON01,1600
MICRON03,3000
MICRON19,1500
MICRON23,5000
MICRON80,1000
MIDEA80,100
MITSU19,100
MIXUE80,100
MKSI03,5000
MNSO80,10
MNST06,350
MONTAGE80,100
MOUTAI80,1000
MP23,300
MP80,100
MPWR23,10000
MRAM03,500
MRVL06,1000
MRVL23,1200
MRVL80,1000
MS06,1500
MSFT01,3400
MSFT03,5000
MSFT06,4000
MSFT19,3000
MSFT23,5400
MSFT80,2000
MSN11,25
MSN19,30
MUFG19,100
MUFG23,250
MURATA23,800
MWG11,25
MWG19,10
NAURA23,900
NAURA80,100
NBIS01,1700
NBIS03,1000
NBIS23,1000
NBIS80,1000
NDAQ06,1000
NDX01,10
NEE80,1000
NEM06,1000
NEM23,1600
NET03,2000
NETEASE11,200
NETEASE80,100
NFLX06,1000
NFLX80,1000
NIKE80,2000
NIKKEI80,1000
NINTENDO19,100
NINTENDO23,1130
NONGFU80,100
NOVOB80,1000
NOW19,1000
NOW23,1500
NVDA01,340
NVDA03,1500
NVDA06,1500
NVDA19,250
NVDA23,2100
NVDA80,200
NVTS03,100
NVTS23,100
OIL03,10
OIL24,2
OKLO03,1000
OKLO23,400
ON23,500
ONDS03,100
ONON03,500
ORCL01,1600
ORCL06,2500
ORCL19,1000
ORCL23,2000
ORCL80,1000
OXY03,1000
PANW19,2500
PANW80,1000
PEP80,5000
PETROCN80,10
PFIZER19,50
PINGAN01,44
PINGAN11,50
PINGAN80,100
PLAB03,600
PLTR01,1100
PLTR03,1500
PLTR06,1500
PLTR23,1900
PLTR80,1700
PNG80,1000
POPMART11,100
POPMART23,420
POPMART80,100
PWR03,10000
PWR80,7000
PYPL06,500
QBTS03,400
QCOM06,2000
QCOM23,2200
QCOM80,1700
QQQM19,500
RBLX06,1200
REMX03,1000
RGTI03,200
RGTI23,250
RKLB01,1000
RKLB03,500
RKLB23,2000
RKLB80,1000
SANOFI80,1000
SANRIO23,136
SANRIO80,20
SBUX80,2000
SCHDER80,1000
SCREEN23,1000
SEAGATE23,4800
SEAGATE80,9000
SEMB19,30
SENSE23,4
SGX19,100
SHINCHEM19,500
SHINCHEM80,100
SHOP03,1500
SHOP06,2000
SIA19,10
SIL03,1000
SINGTEL80,10
SINOBIO19,5
SMCI03,500
SMFG19,100
SMIC01,70
SMIC03,100
SMIC13,150
SMIC23,85
SMR03,200
SMR23,150
SNDK03,4000
SNDK23,8000
SNDK80,10000
SNOW06,2000
SNOW23,2200
SOFI23,100
SOFTBANK23,528
SOFTBANK80,100
SONY80,200
SOXX23,1600
SP50001,2
SP500US19,200
SP500US80,1000
SPACEX01,1500
SPACEX03,3000
SPACEX06,1500
SPACEX23,1200
SPACEX80,1000
SPBOND80,100
SPCOM80,1000
SPENGY80,500
SPFIN80,100
SPHLTH80,1000
SPOT06,8000
SPTECH80,21
STAR5001,1
STEG19,10
STM03,1000
SUNGROW80,160
SUNNY19,100
SUNNY80,100
SUSHI23,332
SYM03,800
SYM23,200
SYNP03,5000
SYNP23,2500
TAIWAN19,3
TAIWANAI13,1
TAIWANHD13,1
TEL23,2710
TEL80,1000
TENCENT01,440
TENCENT06,1000
TENCENT11,100
TENCENT13,500
TENCENT19,200
TENCENT23,900
TENCENT80,100
TER01,2800
TER23,2000
TER80,1000
THAIBEV19,1
TME23,160
TONGFU23,150
TOYOTA80,100
TRIPCOM23,1000
TRIPCOM80,1000
TRVUS06,2500
TSEMI03,4500
TSEMI23,1000
TSEMI80,2500
TSLA01,340
TSLA03,3000
TSLA23,5200
TSLA80,5000
TTMI80,1500
UBER06,1000
UBTECH23,250
UNH19,2000
UNIQLO80,1000
UOB19,100
USAR03,400
USTR24,200
V3011,2
VCB11,25
VCB19,10
VDIAMOND11,2
VENTURE19,100
VGT80,100
VHM19,10
VICR80,1000
VISA06,8000
VISA80,8000
VNFIN24,20
VNM19,10
VRT01,2600
VRT23,3400
VRT80,1000
VST03,2500
VT03,1500
WDC03,8000
WMT06,1000
WMT80,1000
WORLD03,100
WORLDA01,1000
WUXI06,40
WUXI13,70
WUXIAT80,100
XIAOMI01,44
XIAOMI11,25
XIAOMI13,50
XIAOMI19,20
XIAOMI23,83
XIAOMI80,10
XPENG03,100
YOFC23,100
ZAI23,400
ZIJIN13,60
ZIJIN23,65
ZIJIN80,10
ZJINNO80,1000
